<?xml version="1.0" encoding="UTF-8"?><w:document xmlns:w="http://schemas.openxmlformats.org/wordprocessingml/2006/main"><w:body><w:p><w:pPr><w:pStyle w:val="title"/><w:jc w:val="left"/></w:pPr><w:bookmarkStart w:name="MW_T_C4C39C6A" w:id="T_C4C39C6A"/><w:r><w:t>Completing the Programming Exercises in MATLAB Online</w:t></w:r><w:bookmarkEnd w:id="T_C4C39C6A"/></w:p><mc:AlternateContent xmlns:mc="http://schemas.openxmlformats.org/markup-compatibility/2006"><mc:Choice Requires="R2018a"><w:sdt><w:sdtPr><w:docPartObj><w:docPartGallery w:val="Table of Contents"/></w:docPartObj></w:sdtPr><w:sdtContent><w:p><w:pPr><w:pStyle w:val="TOCHeading"/><w:jc w:val="left"/></w:pPr><w:r><w:rPr><w:b/></w:rPr><w:t>Table of Contents</w:t></w:r></w:p><w:p><w:pPr><w:pStyle w:val="TOC1"/><w:jc w:val="left"/></w:pPr><w:hyperlink w:anchor="internal:T_C4C39C6A"><w:r><w:t>Completing the Programming Exercises in MATLAB Online
</w:t></w:r></w:hyperlink><w:r><w:t>    </w:t></w:r><w:hyperlink w:anchor="internal:H_66547201"><w:r><w:t>Introduction
</w:t></w:r></w:hyperlink><w:r><w:t>    </w:t></w:r><w:hyperlink w:anchor="internal:H_A47A835D"><w:r><w:t>Initial setup
</w:t></w:r></w:hyperlink><w:r><w:t>    </w:t></w:r><w:hyperlink w:anchor="internal:H_62C0C56C"><w:r><w:t>Completing a Programming Exercise
</w:t></w:r></w:hyperlink><w:r><w:t>        </w:t></w:r><w:hyperlink w:anchor="internal:H_18F8EE45"><w:r><w:t>Open the exercise script
</w:t></w:r></w:hyperlink><w:r><w:t>        </w:t></w:r><w:hyperlink w:anchor="internal:H_9196029C"><w:r><w:t>Complete the function definitions
</w:t></w:r></w:hyperlink><w:r><w:t>        </w:t></w:r><w:hyperlink w:anchor="internal:H_526E9735"><w:r><w:t>Submit your solutions
</w:t></w:r></w:hyperlink><w:r><w:t>    </w:t></w:r><w:hyperlink w:anchor="internal:H_AA69FFD6"><w:r><w:t>Running code sections inside a Live Script
</w:t></w:r></w:hyperlink><w:r><w:t>        </w:t></w:r><w:hyperlink w:anchor="internal:H_A2F90812"><w:r><w:t>Additional Tips for Running Code in Live Scripts
</w:t></w:r></w:hyperlink><w:r><w:t>    </w:t></w:r><w:hyperlink w:anchor="internal:H_590A6970"><w:r><w:t>Frequently Asked Questions
</w:t></w:r></w:hyperlink><w:hyperlink w:anchor="internal:T_9F17AF13"><w:r><w:t>The Machine Learning Companion Scripts
</w:t></w:r></w:hyperlink><w:r><w:t>        </w:t></w:r><w:hyperlink w:anchor="internal:H_AD7ED157"><w:r><w:t>What do the companion scripts cover?
</w:t></w:r></w:hyperlink><w:r><w:t>        </w:t></w:r><w:hyperlink w:anchor="internal:H_07FA5469"><w:r><w:t>How to use the companion scripts
</w:t></w:r></w:hyperlink><w:r><w:t>        </w:t></w:r><w:hyperlink w:anchor="internal:H_A68DAEAF"><w:r><w:t>Questions, Comments, and Issues with the Companion Scripts</w:t></w:r></w:hyperlink></w:p></w:sdtContent></w:sdt></mc:Choice><mc:Fallback><w:p><w:pPr><w:pStyle w:val="text"/></w:pPr><w:r><w:t></w:t></w:r></w:p></mc:Fallback></mc:AlternateContent><w:p><w:pPr><w:pStyle w:val="heading"/><w:jc w:val="left"/></w:pPr><w:bookmarkStart w:name="MW_H_66547201" w:id="H_66547201"/><w:r><w:t>Introduction</w:t></w:r><w:bookmarkEnd w:id="H_66547201"/></w:p><w:p><w:pPr><w:pStyle w:val="text"/><w:jc w:val="left"/></w:pPr><w:r><w:t>The </w:t></w:r><w:r><w:rPr><w:i/></w:rPr><w:t>Machine Learning</w:t></w:r><w:r><w:t> programming exercises have been updated by MathWorks for use with MATLAB Online. The original instructions and demonstrations in the course only apply to MATLAB desktop and Octave users. </w:t></w:r><w:r><w:rPr><w:u/></w:rPr><w:t>Therefore, it is important that you read and follow the instructions below before attempting a programming exercise in MATLAB Online</w:t></w:r><w:r><w:t>. In the instructions that follow, is assumed that you are using the MATLAB Online trial license for </w:t></w:r><w:r><w:rPr><w:i/></w:rPr><w:t>Machine Learning</w:t></w:r><w:r><w:t> and have downloaded the zipped exercise files using the link provided in Week 2, uploaded the zip file to MATLAB Online, and extracted the files in MATLAB online.</w:t></w:r></w:p><w:p><w:pPr><w:pStyle w:val="heading"/><w:jc w:val="left"/></w:pPr><w:bookmarkStart w:name="MW_H_A47A835D" w:id="H_A47A835D"/><w:r><w:t>Initial setup</w:t></w:r><w:bookmarkEnd w:id="H_A47A835D"/></w:p><w:p><w:pPr><w:pStyle w:val="text"/><w:jc w:val="left"/></w:pPr><w:r><w:t>There are eight programming exercises. The first exercise is posted at the end of Week 2 and the exercise page is pictured below. Note the location of your assignment token and your Coursera email address, which are needed when submitting an assignment. </w:t></w:r></w:p><w:p><w:pPr><w:pStyle w:val="text"/><w:jc w:val="center"/></w:pPr><w:customXml w:element="image"><w:customXmlPr><w:attr w:name="height" w:val="255"/><w:attr w:name="width" w:val="352"/><w:attr w:name="relationshipId" w:val="rId1"/></w:customXmlPr></w:customXml></w:p><w:p><w:pPr><w:pStyle w:val="text"/><w:jc w:val="left"/></w:pPr><w:r><w:t>When you reach a programming exercise page in the course - the first programming assignment is posted at the end of Week 2 - </w:t></w:r><w:r><w:rPr><w:u/></w:rPr><w:t>do not</w:t></w:r><w:r><w:t> download the exercise file. The necessary files for each exercise are contained in the 'machine-learning-ex' folder (along with this script). </w:t></w:r><w:r><w:rPr><w:b/></w:rPr><w:t>Note your Coursera email and unique the exercise token are displayed on the assignment page, you will need them when submitting your solutions.</w:t></w:r></w:p><w:p><w:pPr><w:pStyle w:val="text"/><w:jc w:val="left"/></w:pPr><w:r><w:t>Before beginning your assignment, you must set your folder correctly or else you will experience issues when submitting. To set your folder correctly:</w:t></w:r></w:p><w:p><w:pPr><w:pStyle w:val="ListParagraph"/><w:numPr><w:numId w:val="2"/></w:numPr><w:jc w:val="left"/></w:pPr><w:r><w:t>Open MATLAB Online.</w:t></w:r></w:p><w:p><w:pPr><w:pStyle w:val="ListParagraph"/><w:numPr><w:numId w:val="2"/></w:numPr><w:jc w:val="left"/></w:pPr><w:r><w:t>Inside the machine-learning-ex folder, right-click the folder for the exercise you want to work on (e.g. 'ex1') and select 'Open'. </w:t></w:r></w:p><w:p><w:pPr><w:pStyle w:val="text"/><w:jc w:val="left"/></w:pPr><w:r><w:t>You should then see only the files for that exercise and the 'lib' folder- see the screen capture below of the correct setup for ex1:</w:t></w:r></w:p><w:p><w:pPr><w:pStyle w:val="text"/><w:jc w:val="center"/></w:pPr><w:customXml w:element="image"><w:customXmlPr><w:attr w:name="height" w:val="315"/><w:attr w:name="width" w:val="602"/><w:attr w:name="relationshipId" w:val="rId2"/></w:customXmlPr></w:customXml></w:p><w:p><w:pPr><w:pStyle w:val="text"/><w:jc w:val="center"/></w:pPr><w:r><w:t>         </w:t></w:r></w:p><w:p><w:pPr><w:pStyle w:val="text"/><w:jc w:val="left"/></w:pPr><w:r><w:rPr><w:b/></w:rPr><w:t>Note</w:t></w:r><w:r><w:t>: It is important that you set your Current Folder to the exercise folder as described in step 4 before working on the exercise, otherwise you may experience unexpected behavior and will not be able to submit. If you are logged out of MATLAB Online you will have to reset your Current Folder to the exercise folder before continuing to work on that exercise.</w:t></w:r></w:p><w:p><w:pPr><w:sectPr/></w:pPr></w:p><w:p><w:pPr><w:pStyle w:val="heading"/><w:jc w:val="left"/></w:pPr><w:bookmarkStart w:name="MW_H_62C0C56C" w:id="H_62C0C56C"/><w:r><w:t>Completing a Programming Exercise</w:t></w:r><w:bookmarkEnd w:id="H_62C0C56C"/></w:p><w:p><mc:AlternateContent xmlns:mc="http://schemas.openxmlformats.org/markup-compatibility/2006"><mc:Choice Requires="R2018b"><w:pPr><w:pStyle w:val="heading2"/><w:jc w:val="left"/></w:pPr></mc:Choice><mc:Fallback><w:pPr><w:pStyle w:val="heading"/><w:jc w:val="left"/></w:pPr></mc:Fallback></mc:AlternateContent><w:bookmarkStart w:name="MW_H_18F8EE45" w:id="H_18F8EE45"/><w:r><w:t>Open the exercise script</w:t></w:r><w:bookmarkEnd w:id="H_18F8EE45"/></w:p><w:p><w:pPr><w:pStyle w:val="text"/><w:jc w:val="left"/></w:pPr><w:r><w:t>To begin a programming exercise, open the exercise script, ex</w:t></w:r><w:r><w:rPr><w:i/></w:rPr><w:t>n</w:t></w:r><w:r><w:t>.mlx, where </w:t></w:r><w:r><w:rPr><w:i/></w:rPr><w:t>n</w:t></w:r><w:r><w:t> is the exercise number. The exercise script contains instructions to guide you through the exercise as well as the necessary MATLAB code to load and visualize data and test your functions. </w:t></w:r></w:p><w:p><mc:AlternateContent xmlns:mc="http://schemas.openxmlformats.org/markup-compatibility/2006"><mc:Choice Requires="R2018b"><w:pPr><w:pStyle w:val="heading2"/><w:jc w:val="left"/></w:pPr></mc:Choice><mc:Fallback><w:pPr><w:pStyle w:val="heading"/><w:jc w:val="left"/></w:pPr></mc:Fallback></mc:AlternateContent><w:bookmarkStart w:name="MW_H_9196029C" w:id="H_9196029C"/><w:r><w:t>Complete the function definitions</w:t></w:r><w:bookmarkEnd w:id="H_9196029C"/></w:p><w:p><w:pPr><w:pStyle w:val="text"/><w:jc w:val="left"/></w:pPr><w:r><w:t>At several points in the exercise you will be prompted to open an existing function file and complete the function definition according to the instructions in the exercise script. After completing and saving the function file, you will usually be prompted to run code in the Live Script to call that function and compare your result with the expected output. An example of how to complete the first function file in ex1, </w:t></w:r><w:r><w:rPr><w:rFonts w:cs="monospace"/></w:rPr><w:t>warmUpExercise.m</w:t></w:r><w:r><w:t>, is shown below:</w:t></w:r></w:p><w:p><w:pPr><w:pStyle w:val="text"/><w:jc w:val="left"/></w:pPr><w:customXml w:element="image"><w:customXmlPr><w:attr w:name="height" w:val="362"/><w:attr w:name="width" w:val="643"/><w:attr w:name="relationshipId" w:val="rId3"/></w:customXmlPr></w:customXml></w:p><w:p><mc:AlternateContent xmlns:mc="http://schemas.openxmlformats.org/markup-compatibility/2006"><mc:Choice Requires="R2018b"><w:pPr><w:pStyle w:val="heading2"/><w:jc w:val="left"/></w:pPr></mc:Choice><mc:Fallback><w:pPr><w:pStyle w:val="heading"/><w:jc w:val="left"/></w:pPr></mc:Fallback></mc:AlternateContent><w:bookmarkStart w:name="MW_H_526E9735" w:id="H_526E9735"/><w:r><w:t>Submit your solutions</w:t></w:r><w:bookmarkEnd w:id="H_526E9735"/></w:p><w:p><w:pPr><w:pStyle w:val="text"/><w:jc w:val="left"/></w:pPr><w:r><w:t>After testing your functions and confirming any output is correct, you will be prompted to submit your function for assessment. When you encounter the prompt below in the exercise script: </w:t></w:r></w:p><w:p><w:pPr><w:pStyle w:val="text"/><w:jc w:val="center"/></w:pPr><w:customXml w:element="image"><w:customXmlPr><w:attr w:name="height" w:val="34"/><w:attr w:name="width" w:val="528"/><w:attr w:name="relationshipId" w:val="rId4"/></w:customXmlPr></w:customXml></w:p><w:p><w:pPr><w:pStyle w:val="ListParagraph"/><w:numPr><w:numId w:val="2"/></w:numPr><w:jc w:val="left"/></w:pPr><w:r><w:t>Enter the command </w:t></w:r><w:r><w:rPr><w:rFonts w:cs="monospace"/></w:rPr><w:t>submit</w:t></w:r><w:r><w:t> at the command prompt (&gt;&gt;) in the Command Window.</w:t></w:r></w:p><w:p><w:pPr><w:pStyle w:val="ListParagraph"/><w:numPr><w:numId w:val="2"/></w:numPr><w:jc w:val="left"/></w:pPr><w:r><w:t>Enter (or confirm) your Coursera email address and assignment token. </w:t></w:r></w:p><w:p><w:pPr><w:pStyle w:val="text"/><w:jc w:val="left"/></w:pPr><w:r><w:t>See the screen capture below for reference:</w:t></w:r></w:p><w:p><w:pPr><w:pStyle w:val="text"/><w:jc w:val="center"/></w:pPr><w:customXml w:element="image"><w:customXmlPr><w:attr w:name="height" w:val="280"/><w:attr w:name="width" w:val="497"/><w:attr w:name="relationshipId" w:val="rId5"/></w:customXmlPr></w:customXml></w:p><w:p><w:pPr><w:pStyle w:val="text"/><w:jc w:val="left"/></w:pPr><w:r><w:t>Your functions will be tested using different inputs and your scores will be displayed in the command window. You can submit your code multiple times- only your highest score will be saved.</w:t></w:r></w:p><w:p><w:pPr><w:pStyle w:val="heading"/><w:jc w:val="left"/></w:pPr><w:bookmarkStart w:name="MW_H_AA69FFD6" w:id="H_AA69FFD6"/><w:r><w:t>Running code sections inside a Live Script</w:t></w:r><w:bookmarkEnd w:id="H_AA69FFD6"/></w:p><w:p><w:pPr><w:pStyle w:val="text"/><w:jc w:val="left"/></w:pPr><w:r><w:t>The exercise scripts contain MATLAB code to load data, create visualizations, and call your completed functions. When you are prompted to run the code in a given section:</w:t></w:r></w:p><w:p><w:pPr><w:pStyle w:val="ListParagraph"/><w:numPr><w:numId w:val="2"/></w:numPr><w:jc w:val="left"/></w:pPr><w:r><w:t>Click into the section to make it active. A blue bar will appear on the left.</w:t></w:r></w:p><w:p><w:pPr><w:pStyle w:val="ListParagraph"/><w:numPr><w:numId w:val="2"/></w:numPr><w:jc w:val="left"/></w:pPr><w:r><w:t>Click either the </w:t></w:r><w:r><w:rPr><w:b/></w:rPr><w:t>Run Section (CTRL+ENTER)</w:t></w:r><w:r><w:t> or </w:t></w:r><w:r><w:rPr><w:b/></w:rPr><w:t>Run and Advance (CTRL+SHIFT+ENTER) </w:t></w:r><w:r><w:t>buttons in the </w:t></w:r><w:r><w:rPr><w:b/></w:rPr><w:t>Section</w:t></w:r><w:r><w:t> block of the </w:t></w:r><w:r><w:rPr><w:b/></w:rPr><w:t>Live Editor</w:t></w:r><w:r><w:t> tab. Alternatively, you can click the blue bar.</w:t></w:r></w:p><w:p><w:pPr><w:pStyle w:val="text"/><w:jc w:val="left"/></w:pPr><w:r><w:rPr><w:b/></w:rPr><w:t>Example:</w:t></w:r><w:r><w:t> Run the code in this section. You should see a 10x10 matrix of ones as output. Note that all output is contained within Live Scripts and not printed to the command window or separate figure windows.</w:t></w:r></w:p><w:p><w:pPr><w:pStyle w:val="code"/></w:pPr><w:r><w:t><![CDATA[x = ones(10)]]></w:t></w:r></w:p><w:p><w:pPr><w:pStyle w:val="text"/><w:jc w:val="left"/></w:pPr><w:r><w:t>When completing the programming exercises, you only need to run the code inside the exercise scripts and complete the included function files. You do not need to use the command window, except when submitting the exercise files. </w:t></w:r></w:p><w:p><mc:AlternateContent xmlns:mc="http://schemas.openxmlformats.org/markup-compatibility/2006"><mc:Choice Requires="R2018b"><w:pPr><w:pStyle w:val="heading2"/><w:jc w:val="left"/></w:pPr></mc:Choice><mc:Fallback><w:pPr><w:pStyle w:val="heading"/><w:jc w:val="left"/></w:pPr></mc:Fallback></mc:AlternateContent><w:bookmarkStart w:name="MW_H_A2F90812" w:id="H_A2F90812"/><w:r><w:t>Additional Tips for Running Code in Live Scripts</w:t></w:r><w:bookmarkEnd w:id="H_A2F90812"/></w:p><w:p><w:pPr><w:pStyle w:val="ListParagraph"/><w:numPr><w:numId w:val="1"/></w:numPr><w:jc w:val="left"/></w:pPr><w:r><w:t>Do not use the </w:t></w:r><w:r><w:rPr><w:b/></w:rPr><w:t>Run </w:t></w:r><w:r><w:t>or </w:t></w:r><w:r><w:rPr><w:b/></w:rPr><w:t>Run to End</w:t></w:r><w:r><w:t> buttons. </w:t></w:r></w:p><w:p><w:pPr><w:pStyle w:val="ListParagraph"/><w:numPr><w:numId w:val="1"/></w:numPr><w:jc w:val="left"/></w:pPr><w:r><w:t>Do not execute the exercise scripts from the command line.</w:t></w:r></w:p><w:p><w:pPr><w:pStyle w:val="ListParagraph"/><w:numPr><w:numId w:val="1"/></w:numPr><w:jc w:val="left"/></w:pPr><w:r><w:t>You may have to rerun one or more sections after addressing errors in your code or after accidentally clearing or overwriting the data variables. </w:t></w:r></w:p><w:p><w:pPr><w:pStyle w:val="ListParagraph"/><w:numPr><w:numId w:val="1"/></w:numPr><w:jc w:val="left"/></w:pPr><w:r><w:t>You can run all code up until a particular line by using the 'Run to Here' button, which appears when you hover the cursor to the left of an existing line of code, as in the screen capture below. Execution will be paused at that line. Press the 'Stop' button in the 'Live Editor' tab to return to normal execution.</w:t></w:r></w:p><w:p><w:pPr><w:pStyle w:val="text"/><w:jc w:val="center"/></w:pPr><w:customXml w:element="image"><w:customXmlPr><w:attr w:name="height" w:val="128"/><w:attr w:name="width" w:val="219"/><w:attr w:name="relationshipId" w:val="rId6"/></w:customXmlPr></w:customXml></w:p><w:p><w:pPr><w:pStyle w:val="text"/><w:jc w:val="left"/></w:pPr><w:r><w:t>More advanced information on Live Script execution and code debugging can be found </w:t></w:r><w:hyperlink w:docLocation="https://www.mathworks.com/help/matlab/matlab_prog/debug-code-in-the-live-editor.html"><w:r><w:t>here</w:t></w:r></w:hyperlink><w:r><w:t>.</w:t></w:r></w:p><w:p><w:pPr><w:sectPr/></w:pPr></w:p><w:p><w:pPr><w:pStyle w:val="heading"/><w:jc w:val="left"/></w:pPr><w:bookmarkStart w:name="MW_H_590A6970" w:id="H_590A6970"/><w:r><w:t>Frequently Asked Questions</w:t></w:r><w:bookmarkEnd w:id="H_590A6970"/></w:p><w:p><w:pPr><w:pStyle w:val="text"/><w:jc w:val="left"/></w:pPr><w:r><w:rPr><w:b/></w:rPr><w:t>Why do I receive an error regarding the Parallel Computing Toolbox, or warnings about a missing 'lib' folder when submitting?</w:t></w:r></w:p><w:p><w:pPr><w:pStyle w:val="ListParagraph"/><w:numPr><w:numId w:val="1"/></w:numPr><w:jc w:val="left"/></w:pPr><w:r><w:t>Your Current Folder is not set correctly. See the Initial Setup instructions above. Note that after you are logged out of MATLAB Online, you will have to reopen the exercise folder.</w:t></w:r></w:p><w:p><w:pPr><w:pStyle w:val="text"/><w:jc w:val="left"/></w:pPr><w:r><w:rPr><w:b/></w:rPr><w:t>Why do I receive warnings about a missing files' folder or errors about undefined functions when submitting?</w:t></w:r></w:p><w:p><w:pPr><w:pStyle w:val="ListParagraph"/><w:numPr><w:numId w:val="1"/></w:numPr><w:jc w:val="left"/></w:pPr><w:r><w:t>You may be in the incorrect folder (see above). Your exercise folder may also not contain all files needed for submission. Follow the instructions in Week 2 for uploading the exercise files to MATLAB Online and the Initial Setup instructions exactly- do not move/upload the exercise files to MATLAB Online individually or modifiy the exercise folder structure.</w:t></w:r></w:p><w:p><w:pPr><w:pStyle w:val="text"/><w:jc w:val="left"/></w:pPr><w:r><w:rPr><w:b/></w:rPr><w:t>Why don't I receive credit for a completed function when I submit, even though my output or plot is correct?</w:t></w:r></w:p><w:p><w:pPr><w:pStyle w:val="ListParagraph"/><w:numPr><w:numId w:val="1"/></w:numPr><w:jc w:val="left"/></w:pPr><w:r><w:t>When you submit, your functions are tested using </w:t></w:r><w:r><w:rPr><w:i/></w:rPr><w:t>different inputs </w:t></w:r><w:r><w:t>from those in the exercise script. Use the additional test cases for that function provided in the course 'Resources' section to help you correct your function so that it works correctly for general inputs.</w:t></w:r></w:p><w:p><w:pPr><w:pStyle w:val="text"/><w:jc w:val="left"/></w:pPr><w:r><w:rPr><w:b/></w:rPr><w:t>How do I find additional help with MATLAB Online or Live Scripts?</w:t></w:r></w:p><w:p><w:pPr><w:pStyle w:val="ListParagraph"/><w:numPr><w:numId w:val="1"/></w:numPr><w:jc w:val="left"/></w:pPr><w:r><w:t>For additional questions or to report technical issues with MATLAB Online or the Live Scripts, post in the 'MATLAB Help' discussion forum.</w:t></w:r></w:p><w:p><w:pPr><w:pStyle w:val="text"/><w:jc w:val="left"/></w:pPr><w:r><w:rPr><w:b/></w:rPr><w:t>How do I find additional help with the programming exercises or the course material?</w:t></w:r></w:p><w:p><w:pPr><w:pStyle w:val="ListParagraph"/><w:numPr><w:numId w:val="2"/></w:numPr><w:jc w:val="left"/></w:pPr><w:r><w:t>Check out the </w:t></w:r><w:hyperlink w:docLocation="https://www.coursera.org/learn/machine-learning/discussions/all/threads/m0ZdvjSrEeWddiIAC9pDDA"><w:r><w:t>programming exercise tutorials</w:t></w:r></w:hyperlink><w:r><w:t> in the </w:t></w:r><w:r><w:rPr><w:i/></w:rPr><w:t>Machine Learning </w:t></w:r><w:r><w:t>course 'Resources' section.</w:t></w:r></w:p><w:p><w:pPr><w:pStyle w:val="ListParagraph"/><w:numPr><w:numId w:val="2"/></w:numPr><w:jc w:val="left"/></w:pPr><w:r><w:t>Check out the </w:t></w:r><w:hyperlink w:docLocation="https://www.coursera.org/learn/machine-learning/supplement/Mlf3e/more-octave-matlab-resources"><w:r><w:t>MATLAB tutorials or take the MATLAB Onramp</w:t></w:r></w:hyperlink><w:r><w:t> for help with programming.</w:t></w:r></w:p><w:p><w:pPr><w:pStyle w:val="ListParagraph"/><w:numPr><w:numId w:val="2"/></w:numPr><w:jc w:val="left"/></w:pPr><w:r><w:t>Consult the pinned FAQ threads in the discussion forums. </w:t></w:r></w:p><w:p><w:pPr><w:pStyle w:val="ListParagraph"/><w:numPr><w:numId w:val="2"/></w:numPr><w:jc w:val="left"/></w:pPr><w:r><w:t>Search the discussion forum to see if someone has already answered your question or resolved your issue.</w:t></w:r></w:p><w:p><w:pPr><w:pStyle w:val="ListParagraph"/><w:numPr><w:numId w:val="2"/></w:numPr><w:jc w:val="left"/></w:pPr><w:r><w:t>Create a new thread in the discussion forum to seek help from fellow students and Mentors.</w:t></w:r></w:p><w:p><w:pPr><w:sectPr/></w:pPr></w:p><w:p><w:pPr><w:pStyle w:val="title"/><w:jc w:val="left"/></w:pPr><w:bookmarkStart w:name="MW_T_9F17AF13" w:id="T_9F17AF13"/><w:r><w:t>The </w:t></w:r><w:r><w:rPr><w:i/></w:rPr><w:t>Machine Learning</w:t></w:r><w:r><w:t> Companion Scripts</w:t></w:r><w:bookmarkEnd w:id="T_9F17AF13"/></w:p><w:p><w:pPr><w:pStyle w:val="text"/><w:jc w:val="left"/></w:pPr><w:r><w:t>An additional script created by MathWorks specifically for MATLAB Online users is included with each exercise. These companion scripts are designed to be used after completing the programming exercise. They will show you how to use the MATLAB machine learning functions and apps used by researchers and professionals to perform the tasks in the exercise. You'll also be introduced to the latest tools, features, and datatypes essential to data analysis in MATLAB that weren't available when </w:t></w:r><w:r><w:rPr><w:i/></w:rPr><w:t>Machine Learning</w:t></w:r><w:r><w:t> was created. </w:t></w:r></w:p><w:p><mc:AlternateContent xmlns:mc="http://schemas.openxmlformats.org/markup-compatibility/2006"><mc:Choice Requires="R2018b"><w:pPr><w:pStyle w:val="heading2"/><w:jc w:val="left"/></w:pPr></mc:Choice><mc:Fallback><w:pPr><w:pStyle w:val="heading"/><w:jc w:val="left"/></w:pPr></mc:Fallback></mc:AlternateContent><w:bookmarkStart w:name="MW_H_AD7ED157" w:id="H_AD7ED157"/><w:r><w:t>What do the companion scripts cover?</w:t></w:r><w:bookmarkEnd w:id="H_AD7ED157"/></w:p><w:p><w:pPr><w:pStyle w:val="ListParagraph"/><w:numPr><w:numId w:val="1"/></w:numPr><w:jc w:val="left"/></w:pPr><w:r><w:rPr><w:rFonts w:cs="monospace"/></w:rPr><w:t>ex1_MATLAB.mlx</w:t></w:r><w:r><w:t>: Use functions and apps from the Statistics and Machine Learning Toolbox to quickly create and train linear and polynomial regression models.</w:t></w:r></w:p><w:p><w:pPr><w:pStyle w:val="ListParagraph"/><w:numPr><w:numId w:val="1"/></w:numPr><w:jc w:val="left"/></w:pPr><w:r><w:rPr><w:rFonts w:cs="monospace"/></w:rPr><w:t>ex2_MATLAB.mlx</w:t></w:r><w:r><w:t>: Use functions and apps from the Statistics and Machine Learning Toolbox to implement logistic regression.</w:t></w:r></w:p><w:p><w:pPr><w:pStyle w:val="ListParagraph"/><w:numPr><w:numId w:val="1"/></w:numPr><w:jc w:val="left"/></w:pPr><w:r><w:rPr><w:rFonts w:cs="monospace"/></w:rPr><w:t>ex3_MATLAB.mlx</w:t></w:r><w:r><w:t>: Use functions from the Statistics and Machine Learning Toolbox to easily create and train multi-class classification models. Explore an existing neural network created using the Deep Learning Toolbox, then use it to classify digit images. </w:t></w:r></w:p><w:p><w:pPr><w:pStyle w:val="ListParagraph"/><w:numPr><w:numId w:val="1"/></w:numPr><w:jc w:val="left"/></w:pPr><w:r><w:rPr><w:rFonts w:cs="monospace"/></w:rPr><w:t>ex4_MATLAB.mlx</w:t></w:r><w:r><w:t>:</w:t></w:r><w:r><w:rPr><w:b/></w:rPr><w:t> </w:t></w:r><w:r><w:t>Use functions and apps from the Deep Learning Toolbox to create and train a custom neural network.</w:t></w:r></w:p><w:p><w:pPr><w:pStyle w:val="ListParagraph"/><w:numPr><w:numId w:val="1"/></w:numPr><w:jc w:val="left"/></w:pPr><w:r><w:rPr><w:rFonts w:cs="monospace"/></w:rPr><w:t>ex5_MATLAB.mlx</w:t></w:r><w:r><w:t>: Use functions and apps from the Statistics and Machine Learning Toolbox to quickly partition data and automatically cross-validate machine learning models to determine optimal hyperparameter settings.</w:t></w:r></w:p><w:p><w:pPr><w:pStyle w:val="ListParagraph"/><w:numPr><w:numId w:val="1"/></w:numPr><w:jc w:val="left"/></w:pPr><w:r><w:rPr><w:rFonts w:cs="monospace"/></w:rPr><w:t>ex6_MATLAB.mlx</w:t></w:r><w:r><w:t>: Use functions and apps from the Statistics and Machine Learning Toolbox to create, train, and cross-validate support vector machine classifiers.</w:t></w:r></w:p><w:p><w:pPr><w:pStyle w:val="ListParagraph"/><w:numPr><w:numId w:val="1"/></w:numPr><w:jc w:val="left"/></w:pPr><w:r><w:rPr><w:rFonts w:cs="monospace"/></w:rPr><w:t>ex7_MATLAB.mlx</w:t></w:r><w:r><w:t>: Use functions from the Statistics and Machine Learning Toolbox to cluster data and determine the optimal number of clusters. Then learn how to compress data using PCA and automatically include data compression when using the MATLAB machine learning apps.</w:t></w:r></w:p><w:p><w:pPr><w:pStyle w:val="ListParagraph"/><w:numPr><w:numId w:val="1"/></w:numPr><w:jc w:val="left"/></w:pPr><w:r><w:rPr><w:rFonts w:cs="monospace"/></w:rPr><w:t>ex8_MATLAB1.mlx</w:t></w:r><w:r><w:t>: Use functions and apps from the Statistics and Machine Learning Toolbox to create and evaluate statistical models for classification.</w:t></w:r></w:p><w:p><w:pPr><w:pStyle w:val="ListParagraph"/><w:numPr><w:numId w:val="1"/></w:numPr><w:jc w:val="left"/></w:pPr><w:r><w:rPr><w:rFonts w:cs="monospace"/></w:rPr><w:t>ex8_MATLAB2.mlx</w:t></w:r><w:r><w:t>: Use MATLAB functionality for working with big data to analyze movie ratings data and implement recommender systems using sparse arrays. </w:t></w:r></w:p><w:p><mc:AlternateContent xmlns:mc="http://schemas.openxmlformats.org/markup-compatibility/2006"><mc:Choice Requires="R2018b"><w:pPr><w:pStyle w:val="heading2"/><w:jc w:val="left"/></w:pPr></mc:Choice><mc:Fallback><w:pPr><w:pStyle w:val="heading"/><w:jc w:val="left"/></w:pPr></mc:Fallback></mc:AlternateContent><w:bookmarkStart w:name="MW_H_07FA5469" w:id="H_07FA5469"/><w:r><w:t>How to use the companion scripts</w:t></w:r><w:bookmarkEnd w:id="H_07FA5469"/></w:p><w:p><w:pPr><w:pStyle w:val="ListParagraph"/><w:numPr><w:numId w:val="2"/></w:numPr><w:jc w:val="left"/></w:pPr><w:r><w:t>Complete a programming exercise.</w:t></w:r></w:p><w:p><w:pPr><w:pStyle w:val="ListParagraph"/><w:numPr><w:numId w:val="2"/></w:numPr><w:jc w:val="left"/></w:pPr><w:r><w:t>Open the corresponding companion script.</w:t></w:r></w:p><w:p><w:pPr><w:pStyle w:val="ListParagraph"/><w:numPr><w:numId w:val="2"/></w:numPr><w:jc w:val="left"/></w:pPr><w:r><w:t>Follow the instructions which will guide you through the use of MATLAB functions, tools and apps. No additional coding is required!</w:t></w:r></w:p><w:p><mc:AlternateContent xmlns:mc="http://schemas.openxmlformats.org/markup-compatibility/2006"><mc:Choice Requires="R2018b"><w:pPr><w:pStyle w:val="heading2"/><w:jc w:val="left"/></w:pPr></mc:Choice><mc:Fallback><w:pPr><w:pStyle w:val="heading"/><w:jc w:val="left"/></w:pPr></mc:Fallback></mc:AlternateContent><w:bookmarkStart w:name="MW_H_A68DAEAF" w:id="H_A68DAEAF"/><w:r><w:t>Questions, Comments, and Issues with the Companion Scripts</w:t></w:r><w:bookmarkEnd w:id="H_A68DAEAF"/></w:p><w:p><w:pPr><w:pStyle w:val="text"/><w:jc w:val="left"/></w:pPr><w:r><w:t>The companion scripts are a new feature designed for MATLAB Online users only. They are not part of the original course materials. If you experience issues with the companion scripts including errors, bugs, or typos, or if you would like to provide additional feedback or seek additional information about the MATLAB features used, please post in the 'MATLAB Help' discussion forum.</w:t></w:r></w:p></w:body></w:document>