<?xml version="1.0" encoding="UTF-8"?><embeddedOutputs><metaData><evaluationState>manual</evaluationState><layoutState>document</layoutState><outputStatus>ready</outputStatus><splitterState><proportion>0.4</proportion></splitterState></metaData><outputArray type="array"/><regionArray type="array"><element><code><sectionBreak>true</sectionBreak><endOfSection>true</endOfSection><regionString>x = eye(10)</regionString><regionNumber>0</regionNumber></code><startLine>21</startLine><endLine>21</endLine><outputIndexes type="array"/></element><element><code><sectionBreak>true</sectionBreak><endOfSection>false</endOfSection><regionString>x = 1:10;</regionString><regionNumber>1</regionNumber></code><startLine>49</startLine><endLine>49</endLine><outputIndexes type="array"/></element><element><code><sectionBreak>false</sectionBreak><endOfSection>false</endOfSection><regionString>y = x;</regionString><regionNumber>2</regionNumber></code><startLine>49</startLine><endLine>49</endLine><outputIndexes type="array"/></element><element><code><sectionBreak>false</sectionBreak><endOfSection>true</endOfSection><regionString>plot(x,y,'b--')</regionString><regionNumber>3</regionNumber></code><startLine>49</startLine><endLine>49</endLine><outputIndexes type="array"/></element></regionArray></embeddedOutputs>